y_test,Neural Network
True,0.8829566
True,0.50307655
False,0.40523335
False,0.08714062
True,0.60267544
False,0.62969434
False,0.26322034
False,0.29593375
False,0.3324863
False,0.26036754
True,0.8680517
False,0.27813867
True,0.8556205
True,0.42541245
True,0.60260475
False,0.43121752
False,0.7185081
False,0.116749525
True,0.84569067
False,0.23427302
False,0.23708668
True,0.4672699
False,0.2898254
False,0.38854182
True,0.83726513
True,0.6581429
True,0.7828196
False,0.29730472
False,0.37056443
True,0.8377696
False,0.3712877
False,0.22597966
False,0.3725884
True,0.34962636
True,0.3623283
True,0.7895906
True,0.63749707
True,0.84335166
False,0.27561843
False,0.13539562
True,0.47788692
False,0.3055356
False,0.17424104
False,0.1422852
False,0.033503383
True,0.50388867
True,0.85205615
False,0.45207393
False,0.46434098
True,0.8364961
True,0.839264
False,0.86924547
True,0.35493448
False,0.46634927
False,0.08607957
False,0.15918404
False,0.28237265
True,0.8669789
False,0.2890013
True,0.5539053
True,0.2378841
False,0.063552976
False,0.347108
False,0.22719282
False,0.23291296
False,0.8530077
False,0.5307009
False,0.15271947
True,0.8983333
False,0.9276892
False,0.20009807
True,0.30976427
True,0.21015802
False,0.07861668
True,0.8351475
True,0.68513775
False,0.6548352
False,0.51571745
True,0.78361255
False,0.21897548
True,0.8032633
True,0.8939085
True,0.8232395
False,0.9258144
True,0.4053069
False,0.3387013
True,0.8254801
False,0.101614326
True,0.3079946
True,0.8372744
False,0.34138548
False,0.45581928
False,0.41131786
False,0.20094329
False,0.92981493
False,0.4404343
False,0.853459
False,0.09878823
False,0.35174936
True,0.8208921
True,0.6329344
False,0.2175135
False,0.20298511
False,0.25208658
False,0.10714698
False,0.088736445
True,0.90673864
False,0.3193174
True,0.80578053
False,0.72829556
True,0.7206007
True,0.8559769
False,0.33290517
False,0.31536072
True,0.6747968
True,0.8752633
False,0.34337413
True,0.80875194
False,0.28147846
True,0.79347605
True,0.8866998
True,0.8578859
True,0.824524
False,0.12341553
True,0.19109589
True,0.784819
True,0.6949721
True,0.36032474
False,0.20362622
False,0.04973358
True,0.8109975
True,0.91386414
True,0.80079585
False,0.24695227
False,0.47466376
True,0.8330717
False,0.3476105
True,0.29525572
False,0.31363857
True,0.26460722
False,0.56832826
False,0.82058203
False,0.099549055
False,0.8232023
False,0.23078296
True,0.811543
False,0.37804905
True,0.8651719
False,0.3827941
False,0.9796804
True,0.8047948
False,0.26066038
False,0.99911994
False,0.26739025
True,0.64514893
True,0.95658267
False,0.50905937
True,0.9117851
False,0.05132869
False,0.31019455
False,0.20327142
False,0.2919774
False,0.24174213
True,0.8198303
True,0.8193362
True,0.42414612
False,0.76797855
False,0.44209453
False,0.9011818
True,0.7738216
False,0.22856048
False,0.35966346
True,0.80352694
False,0.300815
False,0.38136125
False,0.09270078
False,0.67784697
True,0.31977046
False,0.42702967
False,0.76551485
True,0.75669205
False,0.47249088
True,0.20874164
False,0.25343218
False,0.10925314
True,0.42659074
True,0.82593465
True,0.20919627
True,0.85085744
False,0.46038732
True,0.82060766
False,0.07435191
True,0.36056826
True,0.80921966
True,0.8030983
False,0.47107273
True,0.7145096
True,0.79371643
False,0.33492613
True,0.79806924
False,0.13345477
True,0.88757145
True,0.33474076
False,0.08693838
True,0.6680036
False,0.11186752
True,0.41486412
True,0.43194187
False,0.5226061
False,0.12880316
True,0.44596753
False,0.20237887
True,0.6483326
False,0.2571012
True,0.14340961
True,0.7377455
False,0.23178825
False,0.14538911
False,0.08668798
True,0.96690756
False,0.11706284
False,0.24468017
False,0.2756602
False,0.98822784
True,0.5129724
False,0.043284684
False,0.060987532
True,0.15763453
False,0.23435768
False,0.19299918
False,0.81156266
True,0.7772769
False,0.10749316
True,0.75103724
True,0.8381041
True,0.24711376
True,0.8618834
False,0.79490185
True,0.90922713
True,0.38008046
True,0.81886053
True,0.7923486
False,0.05472383
False,0.98271596
False,0.37986597
False,0.28050572
True,0.31345987
True,0.73422325
False,0.10766974
False,0.15804109
False,0.29066885
False,0.19984204
False,0.4152503
False,0.4612205
True,0.9075615
False,0.43183538
False,0.7511228
False,0.13020352
False,0.24772534
False,0.15001372
True,0.8531119
False,0.17522305
False,0.18588963
True,0.6972857
True,0.64177847
True,0.8357364
False,0.32514015
False,0.048174977
False,0.4928329
True,0.7467011
False,0.84431875
True,0.64635396
False,0.4152206
True,0.7461377
True,0.80262625
False,0.31069803
True,0.83561826
True,0.55335677
False,0.24348298
True,0.39671114
True,0.29941162
True,0.79857516
False,0.5605616
True,0.93592876
True,0.6344448
False,0.6497241
True,0.86937755
False,0.25618118
False,0.2939911
False,0.5088685
True,0.7944435
False,0.7177991
False,0.10702464
True,0.3848251
False,0.27989805
True,0.76620746
True,0.40129614
False,0.31583047
True,0.36152348
True,0.79869086
False,0.521754
True,0.2901252
False,0.48533937
True,0.26086426
False,0.29573154
False,0.99986446
False,0.6160351
False,0.19020551
False,0.48925585
False,0.39485934
True,0.8533244
True,0.8123214
True,0.45627284
False,0.4641109
True,0.8635181
False,0.2187939
True,0.8241237
True,0.6138046
False,0.37222385
True,0.50502527
True,0.31775868
True,0.79085976
True,0.26192543
True,0.50591564
True,0.023435444
False,0.48809448
True,0.45385727
False,0.031535983
True,0.8656856
True,0.393629
False,0.8147459
True,0.8214458
True,0.22207245
True,0.01491347
False,0.4775415
True,0.3707025
False,0.3456028
False,0.23380372
False,0.19867623
True,0.8125049
True,0.45602188
True,0.8460445
False,0.20691013
True,0.38323042
False,0.29319555
True,0.42970145
False,0.38348266
False,0.2411305
True,0.27100194
False,0.34945667
False,0.1701703
False,0.4093614
False,0.27033967
False,0.43370324
False,0.33898622
True,0.8708545
True,0.43578696
False,0.66869575
True,0.8049112
False,0.22623777
False,0.41284764
True,0.14096195
False,0.80949414
True,0.7956259
True,0.76270056
False,0.25837255
False,0.35142255
True,0.6432771
True,0.37945974
False,0.404484
True,0.1696184
False,0.9086312
True,0.7833758
False,0.09932917
False,0.124388695
False,0.12823498
False,0.48956585
True,0.89658463
True,0.14622566
False,0.37518632
True,0.8127873
True,0.74761033
False,0.257343
True,0.55257225
True,0.7030569
True,0.8009322
True,0.22673392
False,0.43594322
False,0.2916938
True,0.86991984
False,0.31544042
False,0.13090855
False,0.1681287
True,0.8111346
False,0.678476
True,0.3661263
True,0.7649697
False,0.36274925
True,0.22773212
True,0.505703
False,0.45029706
False,0.82928824
True,0.4633091
True,0.86853766
True,0.48081774
True,0.5182892
True,0.841692
False,0.3312847
False,0.07988164
False,0.24481618
False,0.47024256
False,0.40024078
True,0.29270196
False,0.10102934
False,0.053799957
False,0.29622424
False,0.20102575
True,0.825158
True,0.46121845
True,0.81945634
False,0.49628466
False,0.5367944
True,0.3870963
False,0.36552572
True,0.21851969
False,0.7985858
True,0.82297957
True,0.3380065
True,0.37751126
False,0.19268638
True,0.84140384
False,0.23054802
True,0.19723707
True,0.3327423
False,0.22450158
False,0.21221259
True,0.7905003
True,0.81691897
False,0.5961306
False,0.22993737
True,0.8079512
False,0.6519917
False,0.13363108
True,0.86345303
False,0.4409668
False,0.3673873
True,0.37255597
True,0.8232871
True,0.8722174
True,0.8616732
False,0.3109465
True,0.65421164
False,0.14362657
False,0.8532815
True,0.64902925
False,0.21933144
True,0.90940416
True,0.97675455
False,0.45385543
False,0.22271582
False,0.34990677
False,0.35146058
True,0.8351419
True,0.24168262
False,0.004332155
False,0.2545147
False,0.09323385
True,0.5247223
True,0.9999987
False,0.4118354
False,0.01533559
False,0.31810233
False,0.4403617
False,0.17615741
True,0.30969536
True,0.84296346
True,0.83457863
True,0.75983644
True,0.28206268
False,0.023011237
True,0.8784219
False,0.31694514
True,0.5105536
True,0.71855783
False,0.36724216
False,0.7895331
False,0.34312052
True,0.30011505
False,0.17183203
False,0.29651168
False,0.51545185
False,0.06955764
False,0.31952095
False,0.22530964
True,0.8286891
True,0.83728856
False,0.2533263
True,0.21067634
True,0.8334663
False,0.34397256
True,0.77072614
False,0.3063388
False,0.25926697
False,0.44141692
False,0.8629761
False,0.11729503
False,0.36669087
False,0.29506037
True,0.86155474
False,0.15594622
True,0.7997011
True,0.5713682
False,0.3132359
True,0.35186356
False,0.53327364
False,0.30852127
False,0.5044459
True,0.7823686
False,0.301363
False,0.35086298
True,0.4845801
False,0.43075052
True,0.32457024
True,0.45109975
False,0.043508917
False,0.23054785
True,0.47552794
True,0.7926807
False,0.5489782
True,0.75742865
True,0.36745927
False,0.3439976
True,0.35631886
True,0.6908138
False,0.20634165
True,0.34965643
True,0.5281282
False,0.210453
True,0.83970785
False,0.78936386
False,0.25303423
True,0.85292494
False,0.8188969
True,0.80964243
True,0.13899803
True,0.808599
True,0.27140993
True,0.826634
False,0.7910337
True,0.23471168
False,0.76359713
True,0.10099122
True,0.13906121
False,0.8018201
False,0.13925716
False,0.34704039
True,0.8504297
True,0.78811216
False,0.09493196
False,0.18671763
True,0.26802796
False,0.41058165
True,0.15792337
True,0.82564676
True,0.84355426
True,0.8221302
False,0.1634312
False,0.075899065
False,0.13000184
False,0.19961527
False,0.052211106
False,0.24000317
False,0.34149787
True,0.8144791
False,0.8053058
False,0.5202621
True,0.35395235
True,0.31891516
True,0.91112447
True,0.9998925
False,0.48615816
True,0.3463459
True,0.30904377
False,0.10549617
True,0.788814
True,0.22374818
False,0.3785103
True,0.6865853
True,0.21689573
True,0.52076817
True,0.5518446
False,0.57599026
True,0.34769082
False,0.0044699013
True,0.8237022
True,0.6951689
False,0.33817255
False,0.83788353
True,0.47098795
True,0.9999818
True,0.847294
False,0.18748564
False,0.85623264
False,0.20189211
False,0.2776882
False,0.3802268
True,0.33818525
True,0.30406886
False,0.44373813
True,0.36610162
True,0.43315905
False,0.47267497
True,0.72803134
False,0.31186515
True,0.87354034
True,0.9398675
True,0.52228886
True,0.21170881
True,0.99524325
False,0.09783965
True,0.6027441
False,0.47563523
True,0.79027015
True,0.4374868
True,0.7913105
True,0.7826823
False,0.19565874
True,0.8621145
True,0.4540767
False,0.61477125
True,0.7734586
False,0.35818166
True,0.6748283
False,0.1413885
False,0.20626846
True,0.42992708
False,0.29117763
True,0.805606
False,0.39174336
True,0.8583394
True,0.6281335
True,0.8649651
True,0.5142775
False,0.18214503
False,0.9671544
False,0.29604304
False,0.19227698
False,0.362476
False,0.8337292
False,0.9663723
False,0.24721563
True,0.8165703
False,0.293181
True,0.80837524
False,0.05889803
True,0.21868142
False,0.36828828
True,0.86183745
False,0.9938047
False,0.3407882
False,0.008991033
False,0.4441713
True,0.785238
False,0.28987288
False,0.8680143
False,0.3021845
False,0.23293006
False,0.3131461
True,0.789386
True,0.055508643
False,0.27350157
False,0.4625387
True,0.8084085
True,0.79331523
False,0.3156218
True,0.77839434
True,0.8919204
False,0.25790995
True,0.2475129
False,0.16066593
False,0.07859242
True,0.37610653
True,0.9117702
False,0.18818295
True,0.8419126
True,0.93116033
True,0.89296675
False,0.3474989
True,0.725507
True,0.7669873
False,0.79794014
False,0.16616714
True,0.81634235
False,0.8405898
False,0.4623953
True,0.4358394
False,0.16548401
False,0.4833957
True,0.51935685
True,0.81601167
True,0.7451767
True,0.29517382
False,0.202717
True,0.70538485
False,0.29529077
True,0.3271322
False,0.21567494
True,0.8562383
False,0.5825639
False,0.90573853
False,0.42298287
True,0.2205252
False,0.30986187
False,0.2805192
False,0.8818044
True,0.81344515
True,0.58303374
True,0.89725256
True,0.7921933
True,0.8429377
True,0.22179547
False,0.48258382
False,0.12924689
False,0.07191387
True,0.77506316
True,0.7537811
True,0.65828985
False,0.8318938
False,0.09123218
True,0.8821472
False,0.3256671
False,0.016086876
False,0.7617022
False,0.49617633
True,0.8293555
True,0.8059272
True,0.8359761
True,0.8450505
True,0.47101492
False,0.7900908
True,0.81945586
False,0.017871916
True,0.073991984
True,0.8001628
False,0.72732687
False,0.9346053
False,0.2230637
True,0.27053782
False,0.4490073
False,0.60017383
True,0.64671165
False,0.14341184
True,0.88549805
False,0.17527458
True,0.80741966
True,0.7964323
False,0.34920493
True,0.6635142
True,0.23733291
False,0.24010628
True,0.8686793
True,0.30587852
True,0.059474736
False,0.18278173
False,0.8530234
True,0.8727529
False,0.11551955
True,0.48261112
False,0.06716454
True,0.21459433
False,0.35892233
True,0.48518288
False,0.16760269
False,0.45066833
True,0.80050635
True,0.87369573
True,0.7170951
True,0.8745435
True,0.7612386
False,0.3879257
True,0.50131786
True,0.4669933
False,0.25268388
True,0.9961746
False,0.35331988
True,0.5336849
True,0.6882632
True,0.4414645
True,0.41748837
False,0.21553895
False,0.45485824
False,0.7050503
False,0.19807792
True,0.75739
True,0.3079968
True,0.8883043
False,0.15796396
True,0.7920668
False,0.518559
True,0.8854528
True,0.85747653
True,0.8068291
True,0.45759457
True,0.4059686
True,0.27883214
True,0.98124933
False,0.4896109
True,0.83479416
False,0.1821653
False,0.37887734
True,0.8087574
False,0.33361208
True,0.8917095
False,0.25875032
False,0.47245276
False,0.8363131
False,0.173583
True,0.13793305
True,0.47161853
False,0.24197596
True,0.8437742
True,0.18916306
True,0.25429636
False,0.07137233
False,0.21018115
True,0.80494076
True,0.53177875
True,0.42251086
True,0.7994624
True,0.8596128
False,0.23909703
False,0.8720963
False,0.39180732
False,0.2594254
True,0.5303417
False,0.25382
False,0.45254648
True,0.86000407
False,0.43712384
True,0.8168839
False,0.3248418
False,0.2632079
True,0.87296045
False,0.056177855
False,0.054093927
False,0.31069922
False,0.2984358
False,0.016258061
False,0.3900439
False,0.36241424
False,0.16400251
False,0.06329942
True,0.013632983
True,0.3164972
True,0.7971475
True,0.41296935
True,0.74893403
False,0.31625694
False,0.25946414
False,0.31959605
False,0.31468153
False,0.086704165
True,0.68519825
True,0.6388224
True,0.87572193
True,0.39312398
False,0.5473415
True,0.83433497
True,0.7034098
False,0.19043571
True,0.8002906
True,0.81473684
True,0.49579078
False,0.27038193
True,0.9497421
True,0.48737335
True,0.88533056
True,0.4559507
True,0.29630592
True,0.09921202
True,0.7944162
False,0.20711994
True,0.5229962
True,0.84706444
True,0.36002392
True,0.21773604
False,0.31719294
False,0.9690717
False,0.29342034
True,0.26526576
True,0.3670765
True,0.19833559
False,0.3416537
False,0.052977532
True,0.6279971
True,0.3898346
False,0.4565409
True,0.23731992
True,0.90898114
False,0.4571055
False,0.2971028
False,0.1449098
False,0.2889511
True,0.24238303
False,0.35115892
False,0.23655427
True,0.37411618
True,0.43784574
True,0.520281
False,0.5129139
True,0.06136918
False,0.21444783
True,0.9126926
False,0.2589959
True,0.88510394
True,0.2881658
False,0.27297044
False,0.15467751
False,0.34820467
False,0.85258067
False,0.177805
True,0.7890424
False,0.006513953
True,0.049815774
False,0.12757671
True,0.8378421
False,0.20289648
False,0.5036559
True,0.12886345
False,0.36884123
False,0.6636966
True,0.842437
False,0.11882225
False,0.4221503
False,0.55597305
True,0.31528157
True,0.8540514
False,0.07695955
True,0.8426478
False,0.3049885
True,0.44676316
False,0.28490818
False,0.29939544
False,0.43151715
False,0.1044493
True,0.6086486
True,0.8393193
True,0.7896849
True,0.39960083
True,0.7166401
True,0.4431157
False,0.37530357
True,0.8933523
True,0.49662292
True,0.7308014
True,0.3912401
False,0.37681264
False,0.8243445
True,0.8971975
True,0.68576276
True,0.68458354
True,0.9009348
True,0.026282728
False,0.38044012
False,0.8200402
False,0.20914385
False,0.21849951
True,0.82846713
False,0.82926273
True,0.4592202
False,0.28370422
False,0.21689004
False,0.54028666
False,0.24910903
True,0.2967444
False,0.10675192
True,0.93287206
False,0.41330492
False,0.24055481
False,0.27475345
False,0.19722855
True,0.47368288
True,0.45540622
False,0.19888404
True,0.883507
False,0.34249076
True,0.84706205
True,0.22141492
False,0.2923004
False,0.46685
False,0.4134007
False,0.1021795
True,0.4464365
False,0.536509
False,0.83209836
True,0.879606
True,0.7626119
False,0.93100846
True,0.43649244
False,0.7426669
True,0.16940752
False,0.45485744
False,0.12794387
True,0.8262335
True,0.40937054
False,0.36729458
False,0.15728408
False,0.244878
True,0.76454484
False,0.48062742
False,0.052001327
True,0.44217718
False,0.2226482
True,0.1239647
True,0.029539675
True,0.29375353
True,0.76015604
True,0.8201353
True,0.9888081
True,0.7545278
True,0.3017841
False,0.29976133
False,0.3215602
False,0.8250909
False,0.24697521
True,0.45482033
False,0.035865694
True,0.82986975
False,0.09201354
True,0.71388054
False,0.5215464
True,0.33673602
True,0.86045516
True,0.7928015
False,0.79137266
True,0.92037195
True,0.44391164
False,0.43613026
False,0.1529659
False,0.3562234
False,0.46783158
True,0.84067774
False,0.1688028
False,0.8960676
True,0.85440034
True,0.03629318
False,0.36238503
False,0.87845474
True,0.8884442
True,0.3715677
True,0.6552097
False,0.36235967
True,0.4561961
True,0.78671765
True,0.37114593
True,0.8145795
True,0.6264583
True,0.85012543
True,0.81674504
True,0.32908764
True,0.48085946
False,0.34836447
True,0.82660866
True,0.8574585
True,0.52531755
True,0.82138616
False,0.43138438
True,0.3579785
True,0.44558126
True,0.88217515
False,0.38064373
False,0.044396847
False,0.3117897
True,0.94351953
False,0.42122367
True,0.25973725
True,0.16179365
False,0.22031623
True,0.8277365
True,0.14193347
True,0.91681373
True,0.85166204
True,0.24579945
False,0.18756232
True,0.815266
False,0.24880964
True,0.8148807
False,0.17512739
False,0.32132053
False,0.2755518
False,0.32142076
False,0.05175361
True,0.20971602
False,0.27470416
False,0.4598197
False,0.5001544
True,0.7641939
False,0.070093066
False,0.025172263
True,0.88741094
False,0.36303705
True,0.84723806
False,0.30365306
False,0.07626492
False,0.09631342
False,0.26717746
False,0.86048794
False,0.28578103
False,0.39313743
False,0.08347231
False,0.5026434
False,0.4005068
True,0.83265877
True,0.63680536
False,0.003444314
True,0.7245921
False,0.6771059
False,0.19142306
False,0.3174218
True,0.5432622
False,0.37951714
False,0.53517246
True,0.15401953
False,0.86609775
False,0.28763568
True,0.40167218
True,0.709206
True,0.19402954
False,0.8463299
False,0.19329888
False,0.31822938
True,0.8282124
True,0.9605093
False,0.37074167
False,0.78272426
False,0.2559099
False,0.46939522
False,0.7821195
False,0.82570434
True,0.96382403
False,0.6434883
True,0.6346017
True,0.35281146
False,0.69473994
True,0.78812855
False,0.1935398
True,0.8165233
False,0.13617742
True,0.24333161
False,0.27601856
True,0.7033982
True,0.7013755
True,0.9079434
False,0.24003637
False,0.089594215
False,0.19604793
True,0.51153886
False,0.555378
False,0.10568848
True,0.7951802
False,0.34887254
True,0.3031252
True,0.8384139
True,0.7690593
True,0.84907496
True,0.7785822
True,0.9137815
True,0.7959093
True,0.8462809
False,0.3627775
False,0.3576441
False,0.99680173
False,0.7931715
False,0.45381317
False,0.38319156
True,0.8294904
True,0.007993698
False,0.22670123
True,0.2036584
True,0.36082464
True,0.8968424
True,0.44818094
True,0.8789487
True,0.8512519
True,0.80690336
False,0.28159156
True,0.81565803
True,0.81857765
True,0.8114089
True,0.7810742
True,0.86539364
False,0.100473255
False,0.46240938
True,0.8495342
True,0.51851666
False,0.18986326
False,0.18570033
True,0.8358512
False,0.8103838
False,0.30739605
False,0.17768595
False,0.17411396
True,0.70987374
True,0.24135
True,0.8197801
True,0.80513096
False,0.8792044
False,0.8192394
True,0.31273246
True,0.5581157
False,0.32743424
False,0.38892534
False,0.013838887
False,0.48530585
True,0.5101434
False,0.28269857
True,0.9350203
False,0.25277358
True,0.8613609
True,0.7632279
True,0.79164386
True,0.5146486
False,0.46868992
True,0.8214573
True,0.31256992
True,0.8722659
False,0.101832956
False,0.43233353
True,0.41619033
False,0.35050857
True,0.8400935
False,0.81585443
False,0.2863334
False,0.14741391
True,0.23913044
True,0.46826035
False,0.29664353
True,0.8276545
False,0.16767877
False,0.11501372
True,0.6740374
False,0.14714924
False,0.07899016
False,0.102241874
False,0.21252245
False,0.40870574
False,0.30070117
False,0.102597564
False,0.4461988
False,0.28602195
False,0.35418192
False,0.15821856
False,0.57939947
False,0.3510051
False,0.3624354
False,0.11764756
False,0.0058399737
False,0.18687081
True,0.86722106
False,0.15936577
True,0.8361242
False,0.09394759
True,0.80145305
True,0.51294214
False,0.4920821
False,0.21579048
True,0.366741
True,0.99423134
False,0.8112241
False,0.24013549
False,0.36284107
False,0.6495684
True,0.8568101
True,0.43581858
False,0.19959968
False,0.4279863
False,0.22650751
True,0.8983148
False,0.1641599
False,0.1560564
True,0.8985647
True,0.46757546
True,0.14081296
True,0.2954891
False,0.107420295
True,0.81953377
True,0.8474827
False,0.8831591
False,0.16639164
True,0.7144085
True,0.4891856
False,0.12901661
True,0.44142148
True,0.25520086
False,0.52522135
False,0.9953394
True,0.2057552
True,0.79501057
False,0.22217485
False,0.27261996
False,0.46391857
False,0.20339715
True,0.48978615
True,0.29760528
False,0.13427734
True,0.47329855
True,0.85002637
True,0.7571189
False,0.84355414
True,0.3672902
False,0.0010122359
False,0.27245492
False,0.8343687
True,0.92022324
False,0.20411181
True,0.7932324
True,0.29375353
False,0.43783438
True,0.79066986
True,0.78821826
False,0.13190493
True,0.9930269
False,0.31424105
False,0.53685194
True,0.31833002
False,0.281466
False,0.12975433
True,0.98509264
False,0.28706795
False,0.6366611
True,0.84437525
True,0.45127773
False,0.35963824
False,0.4754186
False,0.37627918
True,0.824276
False,0.7924864
True,0.41810644
False,0.1098032
False,0.2734303
False,0.85626835
True,0.7039065
True,0.7773427
False,0.29201126
False,0.1867305
False,0.079025954
False,0.46047497
False,0.10670301
True,0.9419742
True,0.8901023
True,0.34957585
True,0.8958784
True,0.84393775
True,0.91109
False,0.4252301
True,0.32480937
True,0.92776453
True,0.9994254
False,0.5461505
False,0.7960949
False,0.43076056
False,0.5718408
True,0.3121796
True,0.9310486
True,0.31703544
False,0.30039507
False,0.8118818
False,0.09508395
True,0.81491685
True,0.4502312
True,0.50807494
True,0.1933937
True,0.79403996
True,0.79959005
True,0.78422904
False,0.22050512
True,0.5881942
False,0.4313333
False,0.06301767
True,0.8440119
True,0.8171967
True,0.8006239
False,0.34564325
False,0.28809878
False,0.5219539
False,0.743119
False,0.2612123
False,0.19810465
True,0.7954482
False,0.5593413
True,0.25547484
False,0.090132535
False,0.31726944
False,0.04182315
False,0.33294326
True,0.90525013
False,0.19620427
True,0.3474714
False,0.10081443
False,0.4312369
True,0.43826395
True,0.4140757
False,0.16400859
False,0.23264909
True,0.34895813
False,0.17416868
False,0.06383142
False,0.25581807
False,0.85582054
True,0.8256407
True,0.3168302
True,0.85301626
False,0.28350765
True,0.9194704
True,0.23057953
False,0.22576165
True,0.6553068
True,0.87026775
True,0.6831706
True,0.92023087
True,0.29153514
True,0.3638157
False,0.3783738
False,0.79089624
True,0.44895813
True,0.7947452
True,0.33941382
True,0.6895338
False,0.2560015
True,0.24220517
True,0.46085986
False,0.44573325
True,0.7889569
True,0.82996106
False,0.47014004
True,0.54792285
False,0.80394113
True,0.3713568
True,0.7442368
False,0.37092888
False,0.77737355
True,0.7318261
False,0.43397757
False,0.29404062
False,0.7096529
False,0.10480648
False,0.03031674
False,0.83976114
False,0.36942106
False,0.2046797
False,0.022724599
False,0.050003916
False,0.6458801
True,0.66515476
False,0.34837127
True,0.5897174
True,0.52826613
False,0.34668976
True,0.9831928
False,0.43441632
True,0.8923739
True,0.80807084
True,0.12408233
False,0.16106278
True,0.8879056
True,0.19379064
True,0.90720665
True,0.22102341
True,0.64554894
False,0.5052277
False,0.32166636
False,0.10799834
True,0.29248255
False,0.38965225
True,0.79127645
False,0.43521422
False,0.09242058
True,0.45746714
True,0.87041456
True,0.79784113
True,0.2766337
False,0.20706767
True,0.8942064
False,0.21564674
False,0.2812884
False,0.09949428
False,0.17646265
False,0.38364428
False,0.6085355
False,0.19407904
False,0.27999914
False,0.054367572
False,0.23290539
True,0.7933608
True,0.36675388
False,0.477116
False,0.32117665
True,0.827529
False,0.2832564
True,0.4829635
False,0.8172064
True,0.62864745
True,0.66748893
False,0.20423532
True,0.113360405
False,0.27549478
True,0.89006096
True,0.8585106
False,0.55975205
False,0.053216964
False,0.81535184
False,0.87531775
False,0.06134361
True,0.82270455
True,0.20277378
False,0.95478845
False,0.789006
False,0.17841172
False,0.2782389
False,0.18861812
True,0.8600348
False,0.13781103
True,0.48494896
False,0.22970343
False,0.9065181
False,0.08696431
True,0.8822384
False,0.23680913
True,0.79179263
True,0.8385474
False,0.30035102
True,0.360426
False,0.27224743
False,0.23833486
False,0.17935997
False,0.3002069
True,0.4254921
True,0.9115471
False,0.2923565
False,0.06306183
False,0.20374781
True,0.8413232
True,0.19061655
False,0.44306445
True,0.9952134
False,0.9983226
True,0.36960208
False,0.26271272
False,0.44972834
False,0.27310753
True,0.8135886
True,0.18108702
False,0.07787809
True,0.17604694
True,0.8394275
False,0.4447877
True,0.8144306
False,0.8294319
True,0.66350013
True,0.8032813
False,0.34124357
True,0.79197013
False,0.18198884
True,0.8113361
False,0.1505068
False,0.3718409
False,0.20445627
True,0.76390195
False,0.41880965
False,0.288431
False,0.4480164
True,0.8734822
False,0.77111435
True,0.6647341
True,0.59895563
False,0.07947436
False,0.40682662
True,0.8211484
False,0.2982985
False,0.29383618
True,0.33853465
True,0.22805235
False,0.3051126
False,0.2506368
True,0.8612027
False,0.30536973
False,0.7723041
True,0.8131794
True,0.8119308
True,0.36798143
False,0.25653526
True,0.80185974
False,0.06710571
False,0.56046957
False,0.26931122
False,0.26331535
False,0.23731953
False,0.26424646
False,0.21707737
False,0.37384385
False,0.21077147
True,0.87805164
False,0.33126473
False,0.35406852
False,0.04971376
False,0.23563251
False,0.33804786
False,0.72063416
True,0.8681158
False,0.24018317
True,0.83377635
False,0.54892254
True,0.8543006
True,0.16988495
False,0.78764874
True,0.3528492
False,0.8776997
False,0.029083163
False,0.37761903
False,0.3800888
False,0.10448551
True,0.83135474
False,0.13228363
True,0.6591895
False,0.39652193
False,0.042559892
True,0.6868614
True,7.3768097e-10
False,0.3735153
False,0.20566595
True,0.16888592
True,0.24602705
False,0.3561094
True,0.7948936
True,0.4826152
False,0.46217793
False,0.17209095
False,0.05766335
True,0.82008004
True,0.7389959
False,0.8465582
False,0.27407205
False,0.13088742
False,0.78708756
True,0.21462157
False,0.1442661
True,0.7420842
True,0.36207354
False,0.36767
False,0.15759906
False,0.10347158
False,0.42787218
True,0.86175776
False,0.654221
True,0.8463834
False,0.31042278
True,0.495282
True,0.7900182
True,0.06277475
True,0.7917613
False,0.38910562
False,0.28649655
False,0.14279962
False,0.25664163
True,0.8115537
True,0.81953883
True,0.82359254
True,0.8888364
True,0.48046076
False,0.9998795
False,0.18880549
True,0.43159384
False,0.43621197
True,0.8356191
False,0.22824302
False,0.13169867
True,0.81480336
True,0.5068492
True,0.3770725
True,0.79281425
False,0.33769718
False,0.18080658
True,0.48726
True,0.98952186
False,0.19805518
False,0.29328012
True,0.0808357
True,0.46813834
False,0.45574212
True,0.8019875
False,0.27488422
False,0.087988436
True,0.84344846
True,0.28317153
False,0.034233004
True,0.7941325
False,0.1512455
False,0.18146303
False,0.4497318
False,0.16974285
True,0.7367804
False,0.48838666
True,0.7857639
True,0.12136346
False,0.16076738
False,0.38713133
False,0.2844035
True,0.8928768
False,0.31010556
True,0.9182284
True,0.8534212
False,0.01412043
False,0.061231554
False,0.6076536
True,0.84389955
True,0.85697097
True,0.6804171
True,0.5244951
True,0.54881346
True,0.22332081
False,0.04365757
False,0.26059094
False,0.44844627
True,0.8129315
True,0.5804263
False,0.3391151
True,0.67117685
True,0.38399586
False,0.2604708
False,0.19117922
True,0.47433472
True,0.21838087
False,0.07429001
True,0.8158243
False,0.23811227
False,0.46201062
False,0.35267413
True,0.2823869
False,0.107363224
True,0.7977097
True,0.8262205
True,0.8743918
False,0.22332036
True,0.44643456
False,0.2795869
False,0.41793972
False,0.30588984
True,0.83810425
False,0.38048175
False,0.26030663
False,0.29705468
False,0.36328343
True,0.49125567
False,0.28252512
True,0.17029214
False,0.35478875
True,0.8479932
True,0.39100292
True,0.48297468
False,0.10248646
True,0.3903237
True,0.6111993
False,0.9336158
False,0.7355965
True,0.38435066
True,0.8451313
True,0.9198253
False,0.38641953
True,0.7969771
False,0.51219314
False,0.21989399
False,0.8894597
True,0.6559745
True,0.29532024
True,0.06349465
False,0.17609426
True,0.27017263
True,0.804983
False,0.18091223
False,0.21730813
False,0.5118045
True,0.506408
False,0.30592853
True,0.7164904
True,0.30045998
True,0.8479861
False,0.16302109
True,0.40437502
False,0.37768295
True,0.045842916
True,0.756376
True,0.7865473
False,0.51975924
False,0.36246672
True,0.23952997
True,0.82577133
False,0.33936256
True,0.8051778
True,0.57835096
True,0.8493867
False,0.047144234
True,0.4437598
False,0.81139755
False,0.4639859
True,0.8116665
True,0.12187216
True,0.743122
True,0.69918454
True,0.8531947
True,0.77724254
True,0.9351491
False,0.20663199
True,0.8295987
False,0.29691786
False,0.8204572
True,0.86246276
False,0.3178776
False,0.876956
False,0.19400468
False,0.32240087
True,0.00573349
False,0.14564583
False,0.62142587
False,0.83322036
True,0.2769045
True,0.7905138
False,0.24697849
False,0.7955206
False,0.44027832
True,0.8116867
False,0.120195985
True,0.8210208
False,0.3862828
True,0.7902309
False,0.39167434
False,0.4748403
False,0.5198959
True,0.63471013
True,0.8293964
False,0.11882758
True,0.16739595
False,0.2960493
True,0.7744808
False,0.8668371
True,0.5005452
True,0.8480363
True,0.85990286
False,0.22887361
False,0.53756726
True,0.8843113
True,0.8232577
False,0.29572907
False,0.27354962
False,0.9609977
True,0.6292053
False,0.7073136
False,0.17594713
True,0.8555797
True,0.50906956
True,0.375145
True,0.94813496
False,0.05344826
True,0.5973202
False,0.43893224
True,0.87634706
False,0.24492067
True,0.84133685
True,0.44313684
True,0.36068153
True,0.86006427
True,0.5213312
False,0.059197783
True,0.8892697
True,0.29084387
True,0.8961265
False,0.5064103
False,0.29852968
False,0.29198313
True,0.2693197
False,0.77380204
False,0.5209784
True,0.78749466
True,0.81339264
True,0.3385905
False,0.8198197
False,0.21345845
True,0.46442044
False,0.3114879
True,0.8428551
True,0.8072933
False,0.36697578
False,0.155873
False,0.5512651
False,0.48059657
False,0.583239
True,0.8203151
False,0.29696107
False,0.36159903
False,0.017381132
True,0.83050513
True,0.35783643
True,0.28984624
True,0.38660243
True,0.35048473
False,0.4819512
False,0.6383038
False,0.22210953
False,0.3589779
False,0.32922673
False,0.19727436
True,0.5629239
True,0.81175596
False,0.1346209
True,0.7830088
True,0.5157565
False,0.26717514
False,0.2862281
True,0.82157326
False,0.13235506
False,0.20789707
True,0.46074897
False,0.07986802
False,0.63108903
False,0.13563102
False,0.27867132
True,0.85750806
True,0.81141424
True,0.81301105
False,0.24077874
False,0.3015588
True,0.7382916
True,0.49445498
False,0.43534368
True,0.82875836
True,0.2823841
False,0.8600085
False,0.13353652
False,0.5960063
False,0.18447986
False,0.8306911
False,0.375969
False,0.38659862
False,0.18471885
False,0.069599986
False,0.06715745
False,0.06966838
True,0.91544247
True,0.44844243
True,0.6502898
False,0.19665408
False,0.15176597
False,0.24466449
True,0.81214106
True,0.9148285
False,0.51924235
True,0.16546166
False,0.21711934
True,0.9066193
False,0.6397313
False,0.24462351
True,0.87080204
True,0.7931432
False,0.3255406
True,0.85232466
False,0.6131957
True,0.77814996
True,0.472215
True,0.6304295
False,0.3555457
True,0.79600346
False,0.9804199
False,0.08710846
False,0.17908168
False,0.1966627
False,0.1976451
False,0.19764346
True,0.2090519
True,0.66289234
False,0.2671195
False,0.7932093
False,0.42275703
True,0.7920915
True,0.48080224
False,0.23805588
False,0.14564586
False,0.8547486
True,0.8810874
False,0.3391118
True,0.8386402
True,0.61412346
True,0.45776525
True,0.48176575
False,0.29888868
False,0.798465
False,0.21576697
False,0.32353583
True,0.4960368
True,0.8990352
True,0.80581063
False,0.13908699
False,0.38373616
True,0.8253337
True,0.36604035
False,0.13759032
False,0.4877259
False,0.26163042
True,0.88901937
False,0.046584904
False,0.24344891
True,0.44491237
False,0.23423848
False,0.44196385
True,0.3634811
True,0.83229256
False,0.4549554
False,0.49481115
False,0.31783354
False,0.2955097
True,0.48557732
False,0.2946205
False,0.7974707
True,0.35684758
True,0.80811745
True,0.39011323
True,0.7296184
False,0.29200566
True,0.90215296
True,0.8733487
True,0.4948217
False,0.28589055
True,0.9014951
True,0.26092172
True,0.29709375
True,0.86362755
True,0.82253724
False,0.65619075
False,0.24738318
False,0.10360247
False,0.02541709
True,0.96543217
False,0.330239
False,0.19934657
True,0.7996759
True,0.33407012
False,0.12837726
False,0.5224978
True,0.50598305
True,0.5455638
False,0.9905502
False,0.30783185
False,0.31958053
False,0.4018818
False,0.11811915
True,0.5130023
True,0.9698317
False,0.29789948
False,0.2840534
False,0.25369763
True,0.8262024
True,0.87975943
False,0.49284887
False,0.28517574
False,0.41134754
False,0.2004022
False,0.3876179
False,0.11201486
False,0.28825504
True,0.5022667
False,0.23193744
False,0.23350948
True,0.89037
True,0.7603798
True,0.33913365
False,0.24514675
False,0.90486413
True,0.8408494
False,0.82904387
False,0.5019302
True,0.86763394
False,0.7139029
False,0.26659977
True,0.834254
True,0.86238897
True,0.8245409
True,0.71369195
True,0.8148629
False,0.4679615
True,0.37467164
True,0.885488
False,0.38244486
False,0.14321992
True,0.4405624
True,0.3651852
False,0.28028595
False,0.1023536
False,0.14332679
False,0.18732399
False,0.24411663
False,0.46067
False,0.04715854
False,0.22414467
False,0.23302713
True,0.24804246
True,0.35490146
True,0.46853748
False,0.24287888
False,0.23064929
True,0.50124025
True,0.80197763
True,0.8581337
False,0.22442815
True,0.47027934
True,0.9109435
True,0.54212
True,0.8305422
True,0.84338415
False,0.4178601
False,0.16282496
True,0.5047307
True,0.79569644
True,0.11234766
True,0.81651473
True,0.921673
True,0.17600498
True,0.8393822
False,0.09758949
True,0.8434992
False,0.41378313
True,0.86756283
True,0.79554677
False,0.1039606
True,0.65258455
False,0.3424758
True,0.7921785
False,0.47464728
True,0.24385378
False,0.48025
False,0.34993947
False,0.35542658
False,0.5092306
False,0.35411325
False,0.36539772
True,0.24290866
False,0.44773713
True,0.42904305
True,0.7901478
False,0.12292349
True,0.23040897
False,0.20689481
True,0.8616511
False,0.25683254
False,0.61915725
True,0.89657724
False,0.07855803
True,0.82999253
False,0.31976295
False,0.1501059
False,0.44220763
False,0.2264249
True,0.42761055
True,0.69488025
False,0.11431125
False,0.30101687
False,0.26630697
False,0.47129673
False,0.38796887
False,0.64808005
True,0.93896174
True,0.50426674
True,0.8672782
True,0.849017
True,0.7875304
False,0.36700058
False,0.4330634
False,0.44966447
True,0.8184215
False,0.3630477
True,0.9074207
True,0.65503716
False,0.79242337
True,0.47492802
False,0.33335847
True,0.81282806
False,0.16121715
False,0.10177806
False,0.32942995
True,0.642435
False,0.29649588
True,0.09078491
False,0.039437026
False,0.2933424
True,0.29399136
True,0.75842893
True,0.49608466
False,0.32394227
True,0.5036525
False,0.1063256
False,0.48517805
False,0.29632613
False,0.23189646
True,0.20509559
False,0.273145
False,0.2756805
True,0.2513549
True,0.92981905
False,0.4807674
False,0.3435695
True,0.8072624
False,0.6324029
True,0.6809969
True,0.4619558
False,0.66319495
False,0.06747544
False,0.794341
False,0.35635814
True,0.48503938
False,0.41598278
False,0.25623608
True,0.17529169
True,0.44043934
False,0.29668564
True,0.2181944
False,0.8403504
False,0.55172735
False,0.25088656
True,0.55004054
True,0.7974404
True,0.9997833
False,0.47175986
False,0.2948534
False,0.95928955
True,0.33791173
True,0.38042617
True,0.8208147
True,0.7618511
False,0.38352296
True,0.458032
False,0.38721108
False,0.58640945
False,0.12357658
True,0.36309934
True,0.387908
True,0.3007357
False,0.46910754
False,0.47379255
False,0.21665007
True,0.7783186
False,0.2545408
False,0.8138382
False,0.11404085
True,0.8446264
True,0.9154947
False,0.23994014
True,0.38010496
False,0.37435138
False,0.2156389
True,0.90809166
False,0.04933247
True,0.33629262
True,0.7676759
False,0.17764255
False,0.11058113
True,0.8333987
False,0.117509216
False,0.07399678
True,0.47593442
False,0.87397313
False,0.17657614
False,0.32771337
False,0.4110546
True,0.206574
True,0.86979806
False,0.065728635
True,0.26189488
False,0.2060529
True,0.826993
False,0.22996771
True,0.8185633
False,0.21091422
False,0.4671956
False,0.10768363
False,0.75632644
False,0.48018035
False,0.09026146
True,0.87637705
True,0.876679
False,0.9118354
True,0.49213815
False,0.3189016
False,0.24409592
False,0.33238512
True,0.6454931
False,0.26756182
False,0.23647761
False,0.790313
True,0.48435226
True,0.72275555
False,0.22313234
True,0.2885782
False,0.18421349
False,0.21367863
False,0.6765044
True,0.90444237
False,0.038508266
False,0.43064785
True,0.4962827
False,0.27059102
True,0.81994903
True,0.9592415
False,0.23916176
True,0.8093816
True,0.82256067
False,0.9258522
False,0.37276953
True,0.8303766
False,0.25937992
True,0.7915472
False,0.36330476
False,0.28969532
False,0.33220884
True,0.7914564
False,0.42502958
False,0.104306966
False,0.43604487
False,0.2295058
True,0.86422026
False,0.7735764
False,0.2959506
False,0.1817706
False,0.4110011
False,0.043962926
True,0.9119296
True,0.78118575
True,0.90734386
True,0.27918386
True,0.06517899
True,0.3992057
True,0.3106653
False,0.7924582
False,0.27300194
True,0.85656667
True,0.5572738
True,0.3829384
False,0.14049137
True,0.48166782
True,0.7794796
True,0.36519966
True,0.7883636
True,0.86675155
True,0.8259486
False,0.2451255
False,0.20938653
True,0.8865571
False,0.23765919
True,0.8142698
True,0.38714677
False,0.0073066354
True,0.5548807
True,0.8428656
True,0.81795275
True,0.6372719
False,0.8502147
False,0.44030845
True,0.45294926
True,0.6289336
False,0.20176226
True,0.83954376
True,0.3856476
False,0.26646504
False,0.24452105
True,0.8858616
True,0.4680647
False,0.21186659
False,0.29261225
True,0.65216374
True,0.6356502
False,0.083195746
True,0.5769816
False,0.10807872
True,0.6094215
True,0.632859
False,0.4684
True,0.77974904
True,0.32995033
False,0.39874476
False,0.17443311
False,0.30572468
True,0.41304702
True,0.8527318
False,0.8098973
False,0.3012482
False,0.1649554
False,0.26895207
True,0.66381335
False,0.09375918
False,0.3658487
True,0.7901026
False,0.2629676
True,0.80286443
False,0.21298778
False,0.3882071
False,0.46864364
True,0.8670247
True,0.8547963
False,0.17537057
True,0.76192
False,0.6986915
False,0.41582114
True,0.7805836
False,0.4876202
True,0.86121476
True,0.47270337
False,0.43380487
True,0.8991711
False,0.44720504
False,0.5165157
False,0.64592695
False,0.43201858
False,0.14574829
True,0.9632033
True,0.6285764
False,0.36646712
True,0.31634706
False,0.273548
False,0.34408867
False,0.42521688
False,0.4478379
True,0.782068
True,0.5454368
True,0.67929673
True,0.35355487
False,0.2711293
True,0.2963695
True,0.3445112
True,0.8419948
True,0.28631082
False,0.09143925
True,0.84117496
True,0.9040083
True,0.7954092
False,0.5486829
False,0.4986105
True,0.6322451
True,0.66705203
False,0.356922
True,0.91057175
True,0.86556125
False,0.07144964
True,0.5307697
False,0.47992566
True,0.29734015
False,0.4605478
False,0.43987513
True,0.8566686
False,0.38084447
False,0.3290235
False,0.4617489
True,0.8028079
False,0.2630887
False,0.32368642
False,0.26862478
True,0.82557976
True,0.6934788
True,0.7961217
True,0.9999944
True,0.92354023
True,0.7818394
True,0.5205948
False,0.18502668
True,0.39088315
True,0.4352548
False,0.19428343
False,0.23401499
True,0.81892896
True,0.8652493
False,0.35261822
True,0.35130867
False,0.11110154
False,0.20343626
True,0.8120433
False,0.37714615
True,0.35605305
False,0.23652297
False,0.14656013
True,0.3817836
False,0.4653191
True,0.27643937
True,0.17258874
True,0.46215022
True,0.49564132
False,0.6760783
False,0.42218852
True,0.8752451
True,0.059319615
True,0.8685431
False,0.59299827
True,0.67270285
False,0.10443425
True,0.8832711
False,0.104870945
False,0.46291667
True,0.63318986
False,0.2365646
False,0.31068164
True,0.048907876
True,0.67676497
True,0.71287173
True,0.47495532
False,0.3324055
False,0.45645696
False,0.38616514
True,0.35008425
False,0.47268984
True,0.3122791
True,0.49372053
False,0.65621907
False,0.31964815
False,0.36614487
True,0.81112754
False,0.31563365
False,0.23858482
True,0.79794395
True,0.759462
False,0.2238172
False,0.019957721
False,0.17889318
False,0.22464919
True,0.41189858
False,0.485531
True,0.9035442
False,0.41161636
False,0.49833888
True,0.80207515
True,0.87270164
True,0.5217572
False,0.77220607
True,0.5107025
False,0.44750208
False,0.7057919
False,0.881646
False,0.77021253
False,0.21907511
True,0.8328942
True,0.87050545
False,0.20986158
False,0.9022242
False,0.25717285
False,0.7481338
False,0.2859036
False,0.4837564
False,0.4084649
False,0.5367389
True,0.8365421
True,0.39019743
False,0.18395126
True,0.47316658
True,0.14040744
True,0.8218919
True,0.7981291
False,0.30915004
False,0.61890286
True,0.15496239
False,0.22807243
True,0.51385915
True,0.842901
False,0.08532044
True,0.8562422
True,0.9147335
False,0.052313685
False,0.218851
True,0.42097467
True,0.83823633
False,0.36770684
False,0.018352658
True,0.47068873
True,0.2151564
True,0.2329486
True,0.5003529
True,0.87199366
False,0.31152558
False,0.48054764
True,0.78625154
True,0.8146539
False,0.31013462
True,0.96570265
True,0.632864
True,0.66204965
True,0.7598734
True,0.8836734
False,0.24377707
False,0.46850738
False,0.3467513
False,0.5021248
False,0.061178446
True,0.8130178
True,0.81280434
False,0.8602942
True,0.637645
True,0.7778096
False,0.22746173
False,0.28152555
False,0.22086889
False,0.22177416
False,0.45739165
True,0.3510716
True,0.20430696
False,0.6726099
False,0.76503056
False,0.0051708817
False,0.2237742
False,0.24704105
False,0.33510506
False,0.38330963
True,0.802343
False,0.3594255
True,0.22364351
False,0.8088672
True,0.4326024
True,0.7788308
False,0.8737359
True,0.31833947
False,0.24232972
True,0.3424182
False,0.35767365
True,0.48489976
True,0.8294413
False,0.7321328
False,0.70915544
False,0.45686132
True,0.40745974
False,0.80743146
True,0.84779984
True,0.85709196
False,0.2250359
True,0.8212378
False,0.2097244
True,0.28962094
False,0.15907645
True,0.43836918
True,0.79529405
True,0.79751694
True,0.79572964
False,0.793612
False,0.7652782
False,0.2241323
True,0.8265307
False,0.07056779
True,0.45411837
False,0.72394407
False,0.34195614
True,0.17044112
False,0.8275713
False,0.8208343
True,0.87431276
False,0.8465123
True,0.2819002
False,0.51324666
False,0.13273236
True,0.7276819
False,0.22663549
True,0.6304841
False,0.09328222
False,0.2781073
False,0.13381013
False,0.3428753
True,0.81442356
True,0.6683416
True,0.82376385
False,0.17301142
True,0.89108765
True,0.8634409
True,0.98580045
True,0.6295637
False,0.20599204
False,0.13137326
False,0.38765463
True,0.383758
False,0.23647147
True,0.7972603
True,0.84812623
True,0.85301244
False,0.2277636
True,0.84839535
True,0.38830975
False,0.1749196
True,0.8261265
False,0.43476123
False,0.16320977
True,0.8110813
False,0.48108685
True,0.8186412
True,0.8073646
True,0.8104979
False,0.30770624
True,0.96741635
False,0.45204782
False,0.41372097
True,0.34294045
False,0.43503404
True,0.8348172
True,0.7313725
True,0.99999654
False,0.32745135
True,0.6972997
True,0.20169255
False,0.43148315
False,0.44098288
True,0.82089776
False,0.47851324
True,0.57186383
False,0.17999104
False,0.29216385
False,0.055048287
True,0.8091543
True,0.42902887
False,0.261945
True,0.804161
True,0.7056922
True,0.21399686
True,0.650667
False,0.35536432
False,0.767399
False,0.809959
False,0.24944901
False,0.5330414
False,0.24062932
False,0.13420373
True,0.42330083
False,0.21185216
False,0.38893667
False,0.22509131
False,0.34223098
True,0.36617333
True,0.39324203
False,0.7261246
False,0.06258404
True,0.99310637
False,0.36673933
True,0.28279984
True,0.31434166
False,0.3374858
False,0.43346733
False,0.56763315
False,0.29662612
True,0.79819244
True,0.28353733
False,0.7756835
False,0.29979372
False,0.1525428
False,0.4778555
False,0.40067923
False,0.79296935
True,0.7872296
True,0.2921483
True,0.7703824
False,0.29948854
True,0.47791255
False,0.3486153
True,0.21423787
True,0.80712223
False,0.41273227
False,0.29671425
True,0.58403623
False,0.3695287
True,0.84234554
False,0.14404097
True,0.27218896
False,0.3956519
True,0.9166979
True,0.8557554
True,0.4482388
True,0.84355414
False,0.054188073
False,0.2423526
True,0.20642915
False,0.17673698
False,0.20054144
False,0.29561844
True,0.3155478
True,0.27521387
False,0.80898595
False,0.1754019
True,0.24729091
False,0.11209452
False,0.79228985
False,0.17339277
False,0.27520543
True,0.64258885
True,0.4413093
True,0.9605142
False,0.025615185
True,0.4545078
True,0.851962
True,0.96625954
False,0.41556022
True,0.79176265
True,0.3792339
True,0.39923507
True,0.308262
False,0.24590895
False,0.41744614
False,0.72614986
True,0.7759658
False,0.27941695
True,0.75371385
True,0.92400306
True,0.9996362
False,0.2370449
False,0.80332834
True,0.93855894
False,0.26289582
True,0.2969697
False,0.38266513
True,0.82983977
False,0.4678583
False,0.22981685
True,0.8458921
False,0.22362754
True,0.14819688
False,0.25424105
False,0.059759647
False,0.2429134
False,0.39953107
True,0.8024534
False,0.22323236
False,0.08966765
False,0.6751059
True,0.7540488
True,0.9019062
False,0.26520127
False,0.16550082
False,0.2795039
True,0.8121445
False,0.069655776
True,0.91669464
False,0.07170579
True,0.8277502
False,0.1730296
False,0.2140983
False,0.49985987
True,0.8743394
False,0.41297612
False,0.27726036
False,0.6097081
False,0.28321943
False,0.279982
False,0.38635564
True,0.81281126
False,0.34302604
False,0.31246728
True,0.81242824
True,0.46351096
True,0.8294946
True,0.79638994
False,0.11588025
True,0.506605
True,0.8221278
False,0.15120605
False,0.47112095
False,0.7984263
True,0.6438613
False,0.29487002
True,0.343605
False,0.296094
False,0.064113796
False,0.46682787
True,0.23344502
True,0.6929871
True,0.82432914
False,0.339413
False,0.3702712
False,0.49121523
True,0.816067
True,0.22873977
True,0.4223104
True,0.79321223
False,0.108674854
True,0.7347721
True,0.4381514
False,0.2937789
False,0.41051632
False,0.3388334
False,0.108763486
True,0.6511238
False,0.22552544
False,0.3007253
True,0.63985866
False,0.19442883
True,0.68906236
True,0.74703026
True,0.14186561
True,0.34142983
False,0.060087055
False,0.7428992
True,0.82062936
True,0.8075814
True,0.38064632
False,0.38174722
False,0.095011204
True,0.8371984
True,0.795909
False,0.25699767
True,0.37615582
False,0.13831452
True,0.41530925
True,0.5187083
False,0.44570643
False,0.22015265
False,0.3016905
True,0.85818696
False,0.17423019
True,0.6351563
False,0.85358816
True,0.46904132
True,0.81574523
False,0.21189356
True,0.38661736
False,0.6663012
False,0.122348756
False,0.63356125
False,0.22014773
False,0.46476135
False,0.21935534
False,0.41908643
True,0.83943826
True,0.86866367
False,0.43944442
True,0.8499546
True,0.86681616
False,0.73265344
True,0.46941596
True,0.24972153
True,0.84627676
True,0.7933457
True,0.51355195
False,0.06682679
False,0.44278714
False,0.1909942
True,0.44918153
False,0.09461033
True,0.28683913
True,0.077965885
False,0.8283538
False,0.806033
True,0.8281048
True,0.4319556
True,0.55340344
True,0.63410234
True,0.4837246
False,0.36077547
False,0.4131882
False,0.51580864
True,0.79608035
False,0.036085963
True,0.91921437
False,0.06906757
True,0.7878801
False,0.22379687
False,0.057781816
False,0.46898037
True,0.51433533
False,0.51356685
False,0.089407235
True,0.18171579
False,0.2455301
True,0.34117126
False,0.22255003
False,0.5013194
True,0.89312744
True,0.3714624
True,0.45955142
False,0.28889796
True,0.85799325
False,0.4439283
False,0.79018974
False,0.28933895
True,0.8220943
False,0.14744157
False,0.22978511
True,0.41231266
False,0.4348579
True,0.29632255
False,0.80453324
False,0.058412492
False,0.43737626
True,0.795886
True,0.847103
True,0.79030365
True,0.82068956
False,0.32828754
False,0.4354902
False,0.2877425
True,0.8238835
False,0.059733152
True,0.7740542
False,0.43227983
True,0.62631464
False,0.277699
False,0.0006673634
True,0.8654058
False,0.4688157
False,0.6851307
True,0.80322576
True,0.71154594
False,0.15027294
True,0.8151128
True,0.31571138
False,0.1799027
False,0.43765727
True,0.84667903
True,0.20808777
False,0.062972456
False,0.28484523
True,0.833274
True,0.18623185
False,0.45976773
False,0.36117566
False,0.07467306
True,0.44914246
False,0.40301418
True,0.76600903
False,0.29082704
True,0.48458606
True,0.41731218
True,0.13262284
False,0.3518154
False,0.45769876
True,0.7931134
False,0.06451109
True,0.8640971
False,0.24722087
True,0.9602319
False,0.030412316
False,0.4229256
True,0.7753494
False,0.7197866
True,0.8553746
True,0.4219587
False,0.040388435
False,0.3469609
False,0.2321932
False,0.23651275
True,0.792609
False,0.5037711
True,0.29377493
False,0.8337419
False,0.13173652
True,0.63598335
True,0.12585774
True,0.85147965
True,0.44146845
True,0.20743406
True,0.79295933
True,0.28534395
True,0.79363906
False,0.16115484
True,0.42804286
True,0.5374406
False,0.12894294
False,0.19832948
True,0.3032673
False,0.71388817
True,0.80099416
False,0.96358705
True,0.8930095
True,0.5015649
False,0.22966969
True,0.42864674
False,0.17314151
True,0.79671264
True,0.6027441
False,0.21355483
False,0.20825365
True,0.21176991
True,0.7923208
True,0.83818173
True,0.20298716
True,0.98310304
True,0.82184505
False,0.39403114
False,0.124349564
True,0.17041162
False,0.35616732
True,0.8051634
True,0.78925425
True,0.793134
True,0.8838142
False,0.21037677
False,0.4301068
True,0.8097741
False,0.7851403
True,0.80140305
False,0.22347605
True,0.8012104
False,0.28510672
True,0.3158403
True,0.38225365
False,0.4454292
True,0.47835076
False,0.04309076
False,0.13367543
False,0.46676412
True,0.8508822
True,0.34013528
True,0.837842
False,0.11641508
True,0.6821908
True,0.51820844
True,0.31191856
False,0.18326792
True,0.5330121
True,0.852255
False,0.68860614
True,0.8599421
False,0.81816554
False,0.2695254
False,0.45600334
False,0.5913838
True,0.84589994
False,0.35915756
False,0.3019703
True,0.86268544
True,0.27403986
False,0.14018908
True,0.46297595
True,0.4548025
True,0.4034282
False,0.1000067
False,0.3640203
False,0.09175545
False,0.112688035
False,0.8286219
True,0.79912996
False,0.32083887
False,0.8160056
True,0.9822626
True,0.810621
False,0.6196383
False,0.4349372
True,0.47725835
True,0.82604027
True,0.8576817
False,0.22524706
True,0.7241817
False,0.4412749
True,0.24650112
False,0.30311584
False,0.05003497
False,0.23384601
True,0.87287605
False,0.6690214
True,0.8146601
True,0.44397336
True,0.8494142
False,0.5474475
False,0.48107785
True,0.85789996
True,0.8241172
True,0.36039323
True,0.37728864
False,0.33309838
False,0.45201626
True,0.24919185
True,0.5026324
False,0.7697015
True,0.82645595
False,0.23726156
False,0.22940677
True,0.7292844
True,0.8642906
True,0.85758543
True,0.82590085
False,0.22394675
True,0.8361685
False,0.30746323
True,0.39016086
False,0.39817324
True,0.3569377
True,0.81124043
False,0.090746075
True,0.13878253
True,0.8550478
True,0.46679622
True,0.5510551
False,0.42561346
False,0.37908146
False,0.48281685
False,0.50959486
True,0.52834284
False,0.7552682
False,0.12545258
False,0.114097476
False,0.4403261
True,0.4720656
False,0.21401516
True,0.6452959
False,0.2411108
True,0.8025427
False,0.24492586
False,0.33191136
True,0.6331548
False,0.48098183
False,0.3778301
True,0.8256594
True,0.38647512
False,0.27268142
False,0.35126233
True,0.790452
True,0.8113883
True,0.3316509
False,0.8245658
True,0.44069198
True,0.85866606
False,0.21747005
False,0.72870207
True,0.48510697
False,0.05533269
True,0.43605578
False,0.36593825
True,0.30986226
True,0.81140566
False,0.94932437
False,0.3859104
False,0.68260175
True,0.38702425
False,0.037455022
True,0.8813218
True,0.8352396
True,0.67249477
True,0.8560464
True,0.5364649
False,0.31168324
False,0.99912703
True,0.72303474
True,0.8112641
False,0.4740819
True,0.76830715
False,0.16700035
True,0.10007018
True,0.8286456
False,0.07775286
True,0.7977456
False,0.36036956
False,0.31694826
False,0.24983722
True,0.63371205
False,0.30563772
True,0.8104106
True,0.791427
True,0.63435626
False,0.122300565
False,0.33892852
False,0.10900891
False,0.4547986
True,0.88338494
True,0.8306334
False,0.19728965
True,0.82141703
True,0.5680064
False,0.044166923
True,0.79221845
True,0.6351668
False,0.29047525
True,0.89123994
False,0.34769347
True,0.17376691
True,0.5268127
True,0.6649697
True,0.4830105
False,0.8171336
False,0.28748554
True,0.7880951
True,0.80815625
False,0.51366776
True,0.8057506
True,0.820381
True,0.91060054
False,0.039875686
True,0.45015028
False,0.077721596
False,0.18920201
True,0.7314025
True,0.71599436
True,0.96663654
False,0.16114134
True,0.8344779
False,0.2637034
False,0.34816086
False,0.8293766
False,0.16923055
False,0.17139962
True,0.24399227
False,0.7911953
True,0.7018575
False,0.32223272
False,0.0028748512
True,0.7935923
False,0.2985316
True,0.24024701
True,0.65026146
False,0.4526655
False,0.23497236
True,0.877869
False,0.22160059
True,0.85517764
False,0.34240228
